dataset,run_dir,ID,Description,collection,selected,consensus,stability,p.adjust,neg_log10_p_adjust,category
dataset_2,DATASET_2_BASELINE_2026-03-04_11-29-07,GO:0006493,protein O-linked glycosylation,GO,FALSE,FALSE,0.005,0.5217535098046661,0.2825346207796677,Filtered out
dataset_2,DATASET_2_BASELINE_2026-03-04_11-29-07,GO:0021542,dentate gyrus development,GO,FALSE,FALSE,0.005,0.5217535098046661,0.2825346207796677,Filtered out
dataset_2,DATASET_2_BASELINE_2026-03-04_11-29-07,GO:0035767,endothelial cell chemotaxis,GO,FALSE,FALSE,0,0.5217535098046661,0.2825346207796677,Filtered out
dataset_2,DATASET_2_BASELINE_2026-03-04_11-29-07,GO:0035864,response to potassium ion,GO,FALSE,FALSE,0,0.5217535098046661,0.2825346207796677,Filtered out
dataset_2,DATASET_2_BASELINE_2026-03-04_11-29-07,GO:0055010,ventricular cardiac muscle tissue morphogenesis,GO,FALSE,FALSE,0,0.5217535098046661,0.2825346207796677,Filtered out
dataset_2,DATASET_2_BASELINE_2026-03-04_11-29-07,GO:0060998,regulation of dendritic spine development,GO,FALSE,FALSE,0,0.5217535098046661,0.2825346207796677,Filtered out
dataset_2,DATASET_2_BASELINE_2026-03-04_11-29-07,GO:0003229,ventricular cardiac muscle tissue development,GO,FALSE,FALSE,0,0.5217535098046661,0.2825346207796677,Filtered out
dataset_2,DATASET_2_BASELINE_2026-03-04_11-29-07,GO:0007193,adenylate cyclase-inhibiting G protein-coupled receptor signaling pathway,GO,FALSE,FALSE,0,0.5217535098046661,0.2825346207796677,Filtered out
dataset_2,DATASET_2_BASELINE_2026-03-04_11-29-07,GO:0010594,regulation of endothelial cell migration,GO,FALSE,FALSE,0,0.5217535098046661,0.2825346207796677,Filtered out
dataset_2,DATASET_2_BASELINE_2026-03-04_11-29-07,GO:0021915,neural tube development,GO,FALSE,FALSE,0,0.5217535098046661,0.2825346207796677,Filtered out
dataset_2,DATASET_2_BASELINE_2026-03-04_11-29-07,GO:0048568,embryonic organ development,GO,FALSE,FALSE,0,0.5217535098046661,0.2825346207796677,Filtered out
dataset_2,DATASET_2_BASELINE_2026-03-04_11-29-07,GO:0045765,regulation of angiogenesis,GO,FALSE,FALSE,0,0.5217535098046661,0.2825346207796677,Filtered out
dataset_2,DATASET_2_BASELINE_2026-03-04_11-29-07,GO:0034765,regulation of monoatomic ion transmembrane transport,GO,FALSE,FALSE,0,0.5217535098046661,0.2825346207796677,Filtered out
dataset_2,DATASET_2_BASELINE_2026-03-04_11-29-07,GO:0060537,muscle tissue development,GO,FALSE,FALSE,0,0.5217535098046661,0.2825346207796677,Filtered out
dataset_2,DATASET_2_BASELINE_2026-03-04_11-29-07,GO:0098655,monoatomic cation transmembrane transport,GO,FALSE,FALSE,0,0.5217535098046661,0.2825346207796677,Filtered out
dataset_2,DATASET_2_BASELINE_2026-03-04_11-29-07,GO:0001568,blood vessel development,GO,FALSE,FALSE,0,0.5217535098046661,0.2825346207796677,Filtered out
dataset_2,DATASET_2_BASELINE_2026-03-04_11-29-07,GO:0016477,cell migration,GO,FALSE,FALSE,0,0.5217535098046661,0.2825346207796677,Filtered out
dataset_3,DATASET_3_BASELINE_2026-03-04_14-54-56,WP466,DNA replication,WP,TRUE,TRUE,1,1.2082088657032216e-7,6.917857981789916,Selected + Consensus
dataset_3,DATASET_3_BASELINE_2026-03-04_14-54-56,GO:0006270,DNA replication initiation,GO,TRUE,TRUE,0.99,3.797260472857706e-5,4.420529611434103,Selected + Consensus
dataset_3,DATASET_3_BASELINE_2026-03-04_14-54-56,WP4963,p53 transcriptional gene network,WP,TRUE,FALSE,1,6.997388458606431e-10,9.155064015648199,Selected only
dataset_3,DATASET_3_BASELINE_2026-03-04_14-54-56,WP2446,Retinoblastoma gene in cancer,WP,TRUE,FALSE,1,3.179054783617201e-9,8.497701987965176,Selected only
dataset_3,DATASET_3_BASELINE_2026-03-04_14-54-56,WP707,DNA damage response,WP,TRUE,FALSE,1,9.255996684905993e-6,5.033576809601606,Selected only
dataset_3,DATASET_3_BASELINE_2026-03-04_14-54-56,GO:0000086,G2/M transition of mitotic cell cycle,GO,TRUE,FALSE,1,1.0430744174309969e-5,4.981684706025319,Selected only
dataset_3,DATASET_3_BASELINE_2026-03-04_14-54-56,WP5218,Extrafollicular and follicular B cell activation by SARS CoV 2,WP,TRUE,FALSE,0.995,5.959875010947866e-4,3.224762848082722,Selected only
dataset_3,DATASET_3_BASELINE_2026-03-04_14-54-56,WP2361,Gastric cancer network 1,WP,TRUE,FALSE,0.995,8.515701303348957e-4,3.069779580275325,Selected only
dataset_3,DATASET_3_BASELINE_2026-03-04_14-54-56,WP58,Monoamine GPCRs,WP,TRUE,FALSE,0.995,0.0044652023356707,2.3501588567587923,Selected only
dataset_3,DATASET_3_BASELINE_2026-03-04_14-54-56,WP619,Type II interferon signaling,WP,TRUE,FALSE,0.99,8.515701303348957e-4,3.069779580275325,Selected only
dataset_3,DATASET_3_BASELINE_2026-03-04_14-54-56,WP4016,DNA IR damage and cellular response via ATR,WP,TRUE,FALSE,0.99,0.0044652023356707,2.3501588567587923,Selected only
dataset_3,DATASET_3_BASELINE_2026-03-04_14-54-56,WP3391,Senescence associated secretory phenotype SASP,WP,TRUE,FALSE,0.99,0.0044652023356707,2.3501588567587923,Selected only
dataset_3,DATASET_3_BASELINE_2026-03-04_14-54-56,WP1971,Integrated cancer pathway,WP,TRUE,FALSE,0.985,0.0044652023356707,2.3501588567587923,Selected only
dataset_3,DATASET_3_BASELINE_2026-03-04_14-54-56,WP455,GPCRs class A rhodopsin like,WP,TRUE,FALSE,0.98,0.01855220810171735,1.73160439282411,Selected only
dataset_3,DATASET_3_BASELINE_2026-03-04_14-54-56,GO:0007094,mitotic spindle assembly checkpoint signaling,GO,TRUE,FALSE,0.975,6.738928080957898e-4,3.1714091784717158,Selected only
dataset_3,DATASET_3_BASELINE_2026-03-04_14-54-56,WP5055,Burn wound healing,WP,TRUE,FALSE,0.955,0.02424427430235911,1.6153908109791775,Selected only
dataset_3,DATASET_3_BASELINE_2026-03-04_14-54-56,WP5491,Transcriptional regulation of memory B cell differentiation,WP,TRUE,FALSE,0.955,0.02424427430235911,1.6153908109791775,Selected only
dataset_3,DATASET_3_BASELINE_2026-03-04_14-54-56,WP5117,Cohesin complex Cornelia de Lange syndrome,WP,TRUE,FALSE,0.94,0.01753231579977654,1.7561607152445713,Selected only
dataset_3,DATASET_3_BASELINE_2026-03-04_14-54-56,WP4197,Immune response to tuberculosis,WP,TRUE,FALSE,0.92,0.00794342199385081,2.0999923649675893,Selected only
dataset_3,DATASET_3_BASELINE_2026-03-04_14-54-56,WP3982,miRNA regulation of p53 pathway in prostate cancer,WP,TRUE,FALSE,0.9,0.02483542524889078,1.6049283993222485,Selected only
dataset_3,DATASET_3_BASELINE_2026-03-04_14-54-56,GO:0000281,mitotic cytokinesis,GO,TRUE,FALSE,0.9,0.03811030666072509,1.4189575565932253,Selected only
dataset_3,DATASET_3_BASELINE_2026-03-04_14-54-56,GO:0061844,antimicrobial humoral immune response mediated by antimicrobial peptide,GO,TRUE,FALSE,0.885,0.01983320140688534,1.702607177820639,Selected only
dataset_3,DATASET_3_BASELINE_2026-03-04_14-54-56,GO:0000070,mitotic sister chromatid segregation,GO,TRUE,FALSE,0.81,1.2668073930807103e-6,5.897289410752614,Selected only
dataset_3,DATASET_3_BASELINE_2026-03-04_14-54-56,GO:0007095,mitotic G2 DNA damage checkpoint signaling,GO,TRUE,FALSE,0.8,0.0334275293664158,1.47589572098995,Selected only
dataset_3,DATASET_3_BASELINE_2026-03-04_14-54-56,GO:0007131,reciprocal meiotic recombination,GO,FALSE,FALSE,0.62,0.02426598343077684,1.6150021032811062,Filtered out
dataset_3,DATASET_3_BASELINE_2026-03-04_14-54-56,GO:0014075,response to amine,GO,FALSE,FALSE,0.605,0.03143095883758157,1.502642370127218,Filtered out
dataset_3,DATASET_3_BASELINE_2026-03-04_14-54-56,GO:0009410,response to xenobiotic stimulus,GO,FALSE,FALSE,0.58,0.04489009950702698,1.3478494319049894,Filtered out
dataset_3,DATASET_3_BASELINE_2026-03-04_14-54-56,GO:0007088,regulation of mitotic nuclear division,GO,FALSE,FALSE,0.365,1.604086611797919e-4,3.794772185920693,Filtered out
dataset_3,DATASET_3_BASELINE_2026-03-04_14-54-56,GO:1902850,microtubule cytoskeleton organization involved in mitosis,GO,FALSE,FALSE,0.36,2.8589166854398897e-4,3.543798500668921,Filtered out
dataset_3,DATASET_3_BASELINE_2026-03-04_14-54-56,GO:0045132,meiotic chromosome segregation,GO,FALSE,FALSE,0.345,7.818147317224123e-5,4.1068961504227355,Filtered out
dataset_3,DATASET_3_BASELINE_2026-03-04_14-54-56,GO:0051303,establishment of chromosome localization,GO,FALSE,FALSE,0.325,2.027864720569171e-4,3.6929610202804826,Filtered out
dataset_3,DATASET_3_BASELINE_2026-03-04_14-54-56,GO:0006959,humoral immune response,GO,FALSE,FALSE,0.235,0.00120801562416149,2.9179274486261133,Filtered out
dataset_3,DATASET_3_BASELINE_2026-03-04_14-54-56,GO:0032147,activation of protein kinase activity,GO,FALSE,FALSE,0.125,9.11530083305508e-4,3.040228993714453,Filtered out
dataset_3,DATASET_3_BASELINE_2026-03-04_14-54-56,GO:0007617,mating behavior,GO,FALSE,FALSE,0.08,0.02811539688077048,1.551055781551269,Filtered out
dataset_3,DATASET_3_BASELINE_2026-03-04_14-54-56,GO:0042770,signal transduction in response to DNA damage,GO,FALSE,FALSE,0.05,0.00167847338312247,2.7750855413118227,Filtered out
dataset_3,DATASET_3_BASELINE_2026-03-04_14-54-56,GO:0071459,"protein localization to chromosome, centromeric region",GO,FALSE,FALSE,0.05,0.00169962204486193,2.769647644551339,Filtered out
dataset_3,DATASET_3_BASELINE_2026-03-04_14-54-56,GO:0071312,cellular response to alkaloid,GO,FALSE,FALSE,0.02,0.03640477994108635,1.4388415898193814,Filtered out
dataset_3,DATASET_3_BASELINE_2026-03-04_14-54-56,GO:0051276,chromosome organization,GO,FALSE,FALSE,0,1.158793968824573e-5,4.9359937738350546,Filtered out
dataset_3,DATASET_3_BASELINE_2026-03-04_14-54-56,GO:0090068,positive regulation of cell cycle process,GO,FALSE,FALSE,0,5.0675751342810835e-5,4.295199803530508,Filtered out
dataset_3,DATASET_3_BASELINE_2026-03-04_14-54-56,GO:1905818,regulation of chromosome separation,GO,FALSE,FALSE,0,8.035509976916976e-5,4.094986555349594,Filtered out
dataset_3,DATASET_3_BASELINE_2026-03-04_14-54-56,GO:0090329,regulation of DNA-templated DNA replication,GO,FALSE,FALSE,0,4.741176109111913e-4,3.3241139126846226,Filtered out
dataset_3,DATASET_3_BASELINE_2026-03-04_14-54-56,GO:0033260,nuclear DNA replication,GO,FALSE,FALSE,0,6.030578857581545e-4,3.2196409992051604,Filtered out
dataset_3,DATASET_3_BASELINE_2026-03-04_14-54-56,GO:1901990,regulation of mitotic cell cycle phase transition,GO,FALSE,FALSE,0,6.738928080957898e-4,3.1714091784717158,Filtered out
dataset_3,DATASET_3_BASELINE_2026-03-04_14-54-56,GO:0065004,protein-DNA complex assembly,GO,FALSE,FALSE,0,0.0030569137388967,2.514716816180594,Filtered out
dataset_3,DATASET_3_BASELINE_2026-03-04_14-54-56,GO:0051781,positive regulation of cell division,GO,FALSE,FALSE,0,0.01874300153505686,1.7271608592470382,Filtered out
dataset_3,DATASET_3_BASELINE_2026-03-04_14-54-56,GO:0003073,regulation of systemic arterial blood pressure,GO,FALSE,FALSE,0,0.03290583763925794,1.482727049477954,Filtered out
dataset_3,DATASET_3_BASELINE_2026-03-04_14-54-56,GO:0007631,feeding behavior,GO,FALSE,FALSE,0,0.04385160764507683,1.3580144803233143,Filtered out
dataset_3,DATASET_3_BASELINE_2026-03-04_14-54-56,GO:0032465,regulation of cytokinesis,GO,FALSE,FALSE,0,0.04735136933116594,1.3246674573287043,Filtered out
dataset_0,DATASE_0_BASELINE_2026-03-01_18-00-42,WP558,Complement and coagulation cascades,WP,TRUE,TRUE,1,9.315016390704976e-5,4.030816376582396,Selected + Consensus
dataset_0,DATASE_0_BASELINE_2026-03-01_18-00-42,WP75,Toll like receptor signaling,WP,TRUE,TRUE,1,0.00154365033303341,2.8114510690470746,Selected + Consensus
dataset_0,DATASE_0_BASELINE_2026-03-01_18-00-42,WP2328,Allograft rejection,WP,TRUE,TRUE,1,0.00238783634448924,2.621995441831123,Selected + Consensus
dataset_0,DATASE_0_BASELINE_2026-03-01_18-00-42,WP5095,Overview of proinflammatory and profibrotic mediators,WP,TRUE,TRUE,0.97,0.00972542443948605,2.01209143599667,Selected + Consensus
dataset_0,DATASE_0_BASELINE_2026-03-01_18-00-42,WP477,Cytoplasmic ribosomal proteins,WP,TRUE,TRUE,0.965,0.01617857367476309,1.7910597690330514,Selected + Consensus
dataset_0,DATASE_0_BASELINE_2026-03-01_18-00-42,GO:0002181,cytoplasmic translation,GO,TRUE,TRUE,0.95,0.04510421091392166,1.3457829106428754,Selected + Consensus
dataset_0,DATASE_0_BASELINE_2026-03-01_18-00-42,WP5560,Lupus therapies,WP,TRUE,TRUE,0.885,0.04945937034694876,1.3057514168179545,Selected + Consensus
dataset_0,DATASE_0_BASELINE_2026-03-01_18-00-42,GO:0034142,toll-like receptor 4 signaling pathway,GO,TRUE,TRUE,0.88,0.00341860215520587,2.466151437914204,Selected + Consensus
dataset_0,DATASE_0_BASELINE_2026-03-01_18-00-42,GO:0006956,complement activation,GO,TRUE,TRUE,0.845,2.74635302985528e-4,3.5612436371416942,Selected + Consensus
dataset_0,DATASE_0_BASELINE_2026-03-01_18-00-42,GO:0019886,antigen processing and presentation of exogenous peptide antigen via MHC class II,GO,TRUE,TRUE,0.835,0.03950488280015925,1.4033492222948394,Selected + Consensus
dataset_0,DATASE_0_BASELINE_2026-03-01_18-00-42,GO:0007596,blood coagulation,GO,TRUE,TRUE,0.77,0.00130470257580258,2.8844884802104316,Selected + Consensus
dataset_0,DATASE_0_BASELINE_2026-03-01_18-00-42,GO:0032496,response to lipopolysaccharide,GO,TRUE,FALSE,1,1.2861168907969452e-7,6.890719558067241,Selected only
dataset_0,DATASE_0_BASELINE_2026-03-01_18-00-42,WP2431,Spinal cord injury,WP,TRUE,FALSE,1,1.6786098961740424e-6,5.775050220850514,Selected only
dataset_0,DATASE_0_BASELINE_2026-03-01_18-00-42,GO:0042742,defense response to bacterium,GO,TRUE,FALSE,0.995,8.372545827289275e-6,5.07714246666246,Selected only
dataset_0,DATASE_0_BASELINE_2026-03-01_18-00-42,WP3945,TYROBP causal network in microglia,WP,TRUE,FALSE,0.995,0.00556757091483947,2.2543342425961557,Selected only
dataset_0,DATASE_0_BASELINE_2026-03-01_18-00-42,WP5090,Complement system in neuronal development and plasticity,WP,TRUE,FALSE,0.995,0.00665677166163814,2.176736339817343,Selected only
dataset_0,DATASE_0_BASELINE_2026-03-01_18-00-42,GO:0032757,positive regulation of interleukin-8 production,GO,TRUE,FALSE,0.99,2.324844096529078e-4,3.633606165478252,Selected only
dataset_0,DATASE_0_BASELINE_2026-03-01_18-00-42,GO:0071260,cellular response to mechanical stimulus,GO,TRUE,FALSE,0.99,8.275615333243631e-4,3.0821997043925053,Selected only
dataset_0,DATASE_0_BASELINE_2026-03-01_18-00-42,WP5491,Transcriptional regulation of memory B cell differentiation,WP,TRUE,FALSE,0.99,0.00838872332229117,2.0763041293111195,Selected only
dataset_0,DATASE_0_BASELINE_2026-03-01_18-00-42,WP2806,Complement system,WP,TRUE,FALSE,0.985,0.00916719107335639,2.0377637164802294,Selected only
dataset_0,DATASE_0_BASELINE_2026-03-01_18-00-42,WP5561,Integrative Analysis of Treg Glial Interactions,WP,TRUE,FALSE,0.985,0.00972542443948605,2.01209143599667,Selected only
dataset_0,DATASE_0_BASELINE_2026-03-01_18-00-42,WP5193,Cholesterol synthesis disorders,WP,TRUE,FALSE,0.98,0.01209245727172539,1.9174854385011502,Selected only
dataset_0,DATASE_0_BASELINE_2026-03-01_18-00-42,WP3612,Photodynamic therapy induced NFE2L2 NRF2 survival signaling,WP,TRUE,FALSE,0.975,0.00832072049266335,2.0798390664448214,Selected only
dataset_0,DATASE_0_BASELINE_2026-03-01_18-00-42,WP2840,Hair follicle development cytodifferentiation stage 3 of 3,WP,TRUE,FALSE,0.975,0.0101038903561157,1.9955113752389777,Selected only
dataset_0,DATASE_0_BASELINE_2026-03-01_18-00-42,GO:0007528,neuromuscular junction development,GO,TRUE,FALSE,0.97,0.01562614446492455,1.8061481649215188,Selected only
dataset_0,DATASE_0_BASELINE_2026-03-01_18-00-42,WP3611,Photodynamic therapy induced AP 1 survival signaling,WP,TRUE,FALSE,0.965,0.00972542443948605,2.01209143599667,Selected only
dataset_0,DATASE_0_BASELINE_2026-03-01_18-00-42,GO:1902895,positive regulation of miRNA transcription,GO,TRUE,FALSE,0.96,0.00258679081518809,2.587238689753764,Selected only
dataset_0,DATASE_0_BASELINE_2026-03-01_18-00-42,GO:0043123,positive regulation of canonical NF-kappaB signal transduction,GO,TRUE,FALSE,0.96,0.00846769879257969,2.07223459881596,Selected only
dataset_0,DATASE_0_BASELINE_2026-03-01_18-00-42,WP3937,Microglia pathogen phagocytosis pathway,WP,TRUE,FALSE,0.96,0.01209245727172539,1.9174854385011502,Selected only
dataset_0,DATASE_0_BASELINE_2026-03-01_18-00-42,GO:0001659,temperature homeostasis,GO,TRUE,FALSE,0.955,0.001224570420449,2.9120162351754173,Selected only
dataset_0,DATASE_0_BASELINE_2026-03-01_18-00-42,WP722,Serotonin HTR1 group and FOS pathway,WP,TRUE,FALSE,0.955,0.02103007102628553,1.6771592605389862,Selected only
dataset_0,DATASE_0_BASELINE_2026-03-01_18-00-42,WP5130,Th17 cell differentiation pathway,WP,TRUE,FALSE,0.955,0.03265033211953775,1.4861123967181882,Selected only
dataset_0,DATASE_0_BASELINE_2026-03-01_18-00-42,GO:1904646,cellular response to amyloid-beta,GO,TRUE,FALSE,0.95,0.0057315507246034,2.2417278597039823,Selected only
dataset_0,DATASE_0_BASELINE_2026-03-01_18-00-42,WP5473,Cytokine cytokine receptor interaction,WP,TRUE,FALSE,0.95,0.02695965993946908,1.5692855901539107,Selected only
dataset_0,DATASE_0_BASELINE_2026-03-01_18-00-42,GO:0006816,calcium ion transport,GO,TRUE,FALSE,0.945,1.601903087850453e-5,4.795363761463321,Selected only
dataset_0,DATASE_0_BASELINE_2026-03-01_18-00-42,WP5198,Inflammatory bowel disease signaling,WP,TRUE,FALSE,0.945,0.02695965993946908,1.5692855901539107,Selected only
dataset_0,DATASE_0_BASELINE_2026-03-01_18-00-42,GO:0070371,ERK1 and ERK2 cascade,GO,TRUE,FALSE,0.94,2.914540065657633e-4,3.5354299701354357,Selected only
dataset_0,DATASE_0_BASELINE_2026-03-01_18-00-42,WP176,Folate metabolism,WP,TRUE,FALSE,0.935,0.02164101778362147,1.6647223180841235,Selected only
dataset_0,DATASE_0_BASELINE_2026-03-01_18-00-42,GO:0051607,defense response to virus,GO,TRUE,FALSE,0.935,0.02553905601550399,1.5927951593370597,Selected only
dataset_0,DATASE_0_BASELINE_2026-03-01_18-00-42,WP3591,Sleep regulation,WP,TRUE,FALSE,0.92,0.02695965993946908,1.5692855901539107,Selected only
dataset_0,DATASE_0_BASELINE_2026-03-01_18-00-42,WP5477,Molecular pathway for oxidative stress,WP,TRUE,FALSE,0.915,0.03613335406337133,1.442091723358479,Selected only
dataset_0,DATASE_0_BASELINE_2026-03-01_18-00-42,WP5284,Cell interactions in pancreatic cancer microenvironment,WP,TRUE,FALSE,0.9,0.02695965993946908,1.5692855901539107,Selected only
dataset_0,DATASE_0_BASELINE_2026-03-01_18-00-42,GO:1902042,negative regulation of extrinsic apoptotic signaling pathway via death domain receptors,GO,TRUE,FALSE,0.895,0.01918010666129407,1.717148982030702,Selected only
dataset_0,DATASE_0_BASELINE_2026-03-01_18-00-42,GO:0034341,response to type II interferon,GO,TRUE,FALSE,0.89,8.37262313610812e-5,4.0771384565753115,Selected only
dataset_0,DATASE_0_BASELINE_2026-03-01_18-00-42,WP2865,IL1 and megakaryocytes in obesity,WP,TRUE,FALSE,0.885,0.02695965993946908,1.5692855901539107,Selected only
dataset_0,DATASE_0_BASELINE_2026-03-01_18-00-42,WP1528,Physiological and pathological hypertrophy of the heart,WP,TRUE,FALSE,0.885,0.03681239653271216,1.4340059085230932,Selected only
dataset_0,DATASE_0_BASELINE_2026-03-01_18-00-42,WP2324,AGE RAGE pathway,WP,TRUE,FALSE,0.88,0.0492817571141797,1.307313816034619,Selected only
dataset_0,DATASE_0_BASELINE_2026-03-01_18-00-42,WP5272,LDL influence on CD14 and TLR4,WP,TRUE,FALSE,0.845,0.04897618560476502,1.3100150419003562,Selected only
dataset_0,DATASE_0_BASELINE_2026-03-01_18-00-42,WP3941,Oxidative damage response,WP,TRUE,FALSE,0.84,0.04020204513153988,1.3957518532152695,Selected only
dataset_0,DATASE_0_BASELINE_2026-03-01_18-00-42,WP5265,Neurogenesis regulation in the olfactory epithelium,WP,TRUE,FALSE,0.82,0.04556473401112624,1.341371160622293,Selected only
dataset_0,DATASE_0_BASELINE_2026-03-01_18-00-42,WP3947,Serotonin and anxiety,WP,TRUE,FALSE,0.805,0.04945937034694876,1.3057514168179545,Selected only
dataset_0,DATASE_0_BASELINE_2026-03-01_18-00-42,GO:0043524,negative regulation of neuron apoptotic process,GO,TRUE,FALSE,0.725,0.03348095878563834,1.4752021137208953,Selected only
dataset_0,DATASE_0_BASELINE_2026-03-01_18-00-42,GO:0061001,regulation of dendritic spine morphogenesis,GO,FALSE,FALSE,0.68,0.02373159636634065,1.6246730468743487,Filtered out
dataset_0,DATASE_0_BASELINE_2026-03-01_18-00-42,GO:0061844,antimicrobial humoral immune response mediated by antimicrobial peptide,GO,FALSE,TRUE,0.68,0.04685573129050467,1.3292372795765126,Filtered out
dataset_0,DATASE_0_BASELINE_2026-03-01_18-00-42,GO:0007188,adenylate cyclase-modulating G protein-coupled receptor signaling pathway,GO,FALSE,FALSE,0.6,0.00554333347929871,2.2562289940644322,Filtered out
dataset_0,DATASE_0_BASELINE_2026-03-01_18-00-42,GO:0014059,regulation of dopamine secretion,GO,FALSE,FALSE,0.585,0.01316985332542369,1.8804190618122363,Filtered out
dataset_0,DATASE_0_BASELINE_2026-03-01_18-00-42,GO:0043536,positive regulation of blood vessel endothelial cell migration,GO,FALSE,FALSE,0.44,0.01913434553079512,1.718186387749653,Filtered out
dataset_0,DATASE_0_BASELINE_2026-03-01_18-00-42,GO:0032801,receptor catabolic process,GO,FALSE,FALSE,0.38,0.01918010666129407,1.717148982030702,Filtered out
dataset_0,DATASE_0_BASELINE_2026-03-01_18-00-42,GO:0035249,"synaptic transmission, glutamatergic",GO,FALSE,FALSE,0.32,0.01565971088971324,1.8052162601683202,Filtered out
dataset_0,DATASE_0_BASELINE_2026-03-01_18-00-42,GO:0001764,neuron migration,GO,FALSE,FALSE,0.295,0.03776135666214644,1.4229524110821288,Filtered out
dataset_0,DATASE_0_BASELINE_2026-03-01_18-00-42,GO:0010976,positive regulation of neuron projection development,GO,FALSE,FALSE,0.27,0.0431650631290213,1.3648676195955074,Filtered out
dataset_0,DATASE_0_BASELINE_2026-03-01_18-00-42,GO:0006813,potassium ion transport,GO,FALSE,FALSE,0.24,8.677222456574849e-4,3.0616192684667713,Filtered out
dataset_0,DATASE_0_BASELINE_2026-03-01_18-00-42,GO:0060291,long-term synaptic potentiation,GO,FALSE,FALSE,0.235,0.01754337021397122,1.7558869717036758,Filtered out
dataset_0,DATASE_0_BASELINE_2026-03-01_18-00-42,GO:0042060,wound healing,GO,FALSE,FALSE,0.18,9.213771875497766e-7,6.035562544681448,Filtered out
dataset_0,DATASE_0_BASELINE_2026-03-01_18-00-42,GO:0045088,regulation of innate immune response,GO,FALSE,FALSE,0.175,1.6155221125926974e-5,4.7916870931639695,Filtered out
dataset_0,DATASE_0_BASELINE_2026-03-01_18-00-42,GO:0002437,inflammatory response to antigenic stimulus,GO,FALSE,FALSE,0.175,0.03699255538394613,1.4318856673108598,Filtered out
dataset_0,DATASE_0_BASELINE_2026-03-01_18-00-42,GO:0051056,regulation of small GTPase mediated signal transduction,GO,FALSE,FALSE,0.09,0.00934836326445558,2.029264419869536,Filtered out
dataset_0,DATASE_0_BASELINE_2026-03-01_18-00-42,GO:0010043,response to zinc ion,GO,FALSE,FALSE,0.09,0.03973914006134044,1.4007815350786301,Filtered out
dataset_0,DATASE_0_BASELINE_2026-03-01_18-00-42,GO:0007416,synapse assembly,GO,FALSE,FALSE,0.055,0.01407566986559613,1.8515309277725704,Filtered out
dataset_0,DATASE_0_BASELINE_2026-03-01_18-00-42,GO:0043087,regulation of GTPase activity,GO,FALSE,FALSE,0.025,0.00871547691114529,2.0597088432973214,Filtered out
dataset_0,DATASE_0_BASELINE_2026-03-01_18-00-42,GO:0030198,extracellular matrix organization,GO,FALSE,FALSE,0.025,0.02761534519440904,1.5588495236845539,Filtered out
dataset_0,DATASE_0_BASELINE_2026-03-01_18-00-42,GO:0006909,phagocytosis,GO,FALSE,FALSE,0.02,3.5568750578374956e-4,3.448931389985641,Filtered out
dataset_0,DATASE_0_BASELINE_2026-03-01_18-00-42,GO:0060326,cell chemotaxis,GO,FALSE,FALSE,0.01,8.275615333243631e-4,3.0821997043925053,Filtered out
dataset_0,DATASE_0_BASELINE_2026-03-01_18-00-42,GO:0042554,superoxide anion generation,GO,FALSE,FALSE,0.005,0.01861027214446733,1.7302472759838883,Filtered out
dataset_0,DATASE_0_BASELINE_2026-03-01_18-00-42,GO:0006959,humoral immune response,GO,FALSE,FALSE,0,7.441797244924399e-5,4.128322166699603,Filtered out
dataset_0,DATASE_0_BASELINE_2026-03-01_18-00-42,GO:0050727,regulation of inflammatory response,GO,FALSE,FALSE,0,1.1717487744472044e-4,3.931165492043805,Filtered out
dataset_0,DATASE_0_BASELINE_2026-03-01_18-00-42,GO:0050807,regulation of synapse organization,GO,FALSE,FALSE,0,9.791530794174628e-4,3.009149405899405,Filtered out
dataset_0,DATASE_0_BASELINE_2026-03-01_18-00-42,GO:0017157,regulation of exocytosis,GO,FALSE,FALSE,0,0.00411758457272751,2.3853574719173642,Filtered out
dataset_0,DATASE_0_BASELINE_2026-03-01_18-00-42,GO:0021675,nerve development,GO,FALSE,FALSE,0,0.00790729898740572,2.10197183953492,Filtered out
dataset_0,DATASE_0_BASELINE_2026-03-01_18-00-42,GO:0051402,neuron apoptotic process,GO,FALSE,FALSE,0,0.01051341432910815,1.9782562198914049,Filtered out
dataset_0,DATASE_0_BASELINE_2026-03-01_18-00-42,GO:0016079,synaptic vesicle exocytosis,GO,FALSE,FALSE,0,0.01754337021397122,1.7558869717036758,Filtered out
dataset_0,DATASE_0_BASELINE_2026-03-01_18-00-42,GO:0097028,dendritic cell differentiation,GO,FALSE,FALSE,0,0.01861027214446733,1.7302472759838883,Filtered out
dataset_0,DATASE_0_BASELINE_2026-03-01_18-00-42,GO:2000379,positive regulation of reactive oxygen species metabolic process,GO,FALSE,FALSE,0,0.0212903200718309,1.671817809468907,Filtered out
dataset_0,DATASE_0_BASELINE_2026-03-01_18-00-42,GO:0060078,regulation of postsynaptic membrane potential,GO,FALSE,FALSE,0,0.0263028956630568,1.5799964377740423,Filtered out
dataset_0,DATASE_0_BASELINE_2026-03-01_18-00-42,GO:0051259,protein complex oligomerization,GO,FALSE,FALSE,0,0.03840431317950322,1.4156199973807766,Filtered out
dataset_1,DATASE_1_BASELINE_2026-03-03_15-00-39,GO:0030198,extracellular matrix organization,GO,TRUE,FALSE,1,5.303057826980286e-10,9.275473637108947,Selected only
dataset_1,DATASE_1_BASELINE_2026-03-03_15-00-39,WP5417,Cell lineage map for neuronal differentiation,WP,TRUE,FALSE,1,9.324130424108609e-6,5.030391660282894,Selected only
dataset_1,DATASE_1_BASELINE_2026-03-03_15-00-39,WP5390,Pancreatic cancer subtypes,WP,TRUE,FALSE,1,0.00124965045609883,2.903211447965081,Selected only
dataset_1,DATASE_1_BASELINE_2026-03-03_15-00-39,WP3945,TYROBP causal network in microglia,WP,TRUE,FALSE,0.995,0.00357097499415764,2.447213190954621,Selected only
dataset_1,DATASE_1_BASELINE_2026-03-03_15-00-39,GO:0035987,endodermal cell differentiation,GO,TRUE,FALSE,0.99,0.0133417994918401,1.8747855904591633,Selected only
dataset_1,DATASE_1_BASELINE_2026-03-03_15-00-39,WP2840,Hair follicle development cytodifferentiation stage 3 of 3,WP,TRUE,FALSE,0.99,0.01528781750863908,1.8156545101147439,Selected only
dataset_1,DATASE_1_BASELINE_2026-03-03_15-00-39,WP5090,Complement system in neuronal development and plasticity,WP,TRUE,FALSE,0.98,0.03166880934553331,1.4993682645215278,Selected only
dataset_1,DATASE_1_BASELINE_2026-03-03_15-00-39,WP2911,miRNA targets in ECM and membrane receptors,WP,TRUE,FALSE,0.975,0.01542402518563735,1.8118022742883402,Selected only
dataset_1,DATASE_1_BASELINE_2026-03-03_15-00-39,WP2361,Gastric cancer network 1,WP,TRUE,FALSE,0.965,0.03166880934553331,1.4993682645215278,Selected only
dataset_1,DATASE_1_BASELINE_2026-03-03_15-00-39,WP2839,Hair follicle development organogenesis stage 2 of 3,WP,TRUE,FALSE,0.965,0.03166880934553331,1.4993682645215278,Selected only
dataset_1,DATASE_1_BASELINE_2026-03-03_15-00-39,WP4786,Type I collagen synthesis in the context of osteogenesis imperfecta,WP,TRUE,FALSE,0.95,0.04535489815842423,1.343375803900383,Selected only
dataset_1,DATASE_1_BASELINE_2026-03-03_15-00-39,GO:0061436,establishment of skin barrier,GO,TRUE,FALSE,0.94,0.00739734673897462,2.1309240239513265,Selected only
dataset_1,DATASE_1_BASELINE_2026-03-03_15-00-39,GO:0008543,fibroblast growth factor receptor signaling pathway,GO,TRUE,FALSE,0.92,0.00219841462096274,2.657890396255222,Selected only
dataset_1,DATASE_1_BASELINE_2026-03-03_15-00-39,GO:0051897,positive regulation of phosphatidylinositol 3-kinase/protein kinase B signal transduction,GO,TRUE,FALSE,0.915,0.01831006772119147,1.737310049423843,Selected only
dataset_1,DATASE_1_BASELINE_2026-03-03_15-00-39,GO:0006805,xenobiotic metabolic process,GO,TRUE,FALSE,0.88,0.00592986371482015,2.2269552878468204,Selected only
dataset_1,DATASE_1_BASELINE_2026-03-03_15-00-39,GO:0048546,digestive tract morphogenesis,GO,TRUE,FALSE,0.825,0.02341164141960344,1.6305681363039761,Selected only
dataset_1,DATASE_1_BASELINE_2026-03-03_15-00-39,GO:0060349,bone morphogenesis,GO,TRUE,FALSE,0.815,0.01885330208381824,1.724612573777171,Selected only
dataset_1,DATASE_1_BASELINE_2026-03-03_15-00-39,GO:0014850,response to muscle activity,GO,TRUE,FALSE,0.81,0.0406288496289314,1.3911654741756814,Selected only
dataset_1,DATASE_1_BASELINE_2026-03-03_15-00-39,GO:0045109,intermediate filament organization,GO,TRUE,FALSE,0.75,0.01312186815252193,1.882004330312895,Selected only
dataset_1,DATASE_1_BASELINE_2026-03-03_15-00-39,GO:0060326,cell chemotaxis,GO,TRUE,FALSE,0.715,0.00558567820629072,2.2529240878361954,Selected only
dataset_1,DATASE_1_BASELINE_2026-03-03_15-00-39,GO:0015844,monoamine transport,GO,FALSE,FALSE,0.545,0.00737009566306995,2.1325268750074655,Filtered out
dataset_1,DATASE_1_BASELINE_2026-03-03_15-00-39,GO:0016486,peptide hormone processing,GO,FALSE,FALSE,0.52,0.00838283106522841,2.076609285860652,Filtered out
dataset_1,DATASE_1_BASELINE_2026-03-03_15-00-39,GO:0022612,gland morphogenesis,GO,FALSE,FALSE,0.51,0.00487951502706133,2.311623340197609,Filtered out
dataset_1,DATASE_1_BASELINE_2026-03-03_15-00-39,GO:0000070,mitotic sister chromatid segregation,GO,FALSE,FALSE,0.495,0.01989260973596817,1.70130823750999,Filtered out
dataset_1,DATASE_1_BASELINE_2026-03-03_15-00-39,GO:0030534,adult behavior,GO,FALSE,FALSE,0.445,0.01844548661687762,1.7341098830103914,Filtered out
dataset_1,DATASE_1_BASELINE_2026-03-03_15-00-39,GO:0071774,response to fibroblast growth factor,GO,FALSE,FALSE,0.44,2.760856161096126e-4,3.558956219246101,Filtered out
dataset_1,DATASE_1_BASELINE_2026-03-03_15-00-39,GO:0007088,regulation of mitotic nuclear division,GO,FALSE,FALSE,0.43,0.00518756463514771,2.2850364790966005,Filtered out
dataset_1,DATASE_1_BASELINE_2026-03-03_15-00-39,GO:0001504,neurotransmitter uptake,GO,FALSE,FALSE,0.4,0.01187675199556045,1.9253023121552373,Filtered out
dataset_1,DATASE_1_BASELINE_2026-03-03_15-00-39,GO:0051216,cartilage development,GO,FALSE,FALSE,0.365,1.4504047561007198e-4,3.838510784791677,Filtered out
dataset_1,DATASE_1_BASELINE_2026-03-03_15-00-39,GO:0006836,neurotransmitter transport,GO,FALSE,FALSE,0.36,0.01844548661687762,1.7341098830103914,Filtered out
dataset_1,DATASE_1_BASELINE_2026-03-03_15-00-39,GO:0045216,cell-cell junction organization,GO,FALSE,FALSE,0.34,0.01701106061141062,1.769268608002751,Filtered out
dataset_1,DATASE_1_BASELINE_2026-03-03_15-00-39,GO:0045953,negative regulation of natural killer cell mediated cytotoxicity,GO,FALSE,FALSE,0.285,0.02141347717399349,1.669312805154743,Filtered out
dataset_1,DATASE_1_BASELINE_2026-03-03_15-00-39,GO:0032963,collagen metabolic process,GO,FALSE,FALSE,0.275,0.00187958085486762,2.7259389872858666,Filtered out
dataset_1,DATASE_1_BASELINE_2026-03-03_15-00-39,GO:0060740,prostate gland epithelium morphogenesis,GO,FALSE,FALSE,0.035,0.01543401993731085,1.8115209430741115,Filtered out
dataset_1,DATASE_1_BASELINE_2026-03-03_15-00-39,GO:1904018,positive regulation of vasculature development,GO,FALSE,FALSE,0.025,0.01816221104382268,1.740831282154161,Filtered out
dataset_1,DATASE_1_BASELINE_2026-03-03_15-00-39,GO:0050764,regulation of phagocytosis,GO,FALSE,FALSE,0.015,0.02820206589256718,1.5497190770395142,Filtered out
dataset_1,DATASE_1_BASELINE_2026-03-03_15-00-39,GO:0010463,mesenchymal cell proliferation,GO,FALSE,FALSE,0.01,0.02621901187264595,1.581383679783377,Filtered out
dataset_1,DATASE_1_BASELINE_2026-03-03_15-00-39,GO:0042445,hormone metabolic process,GO,FALSE,FALSE,0.005,0.00396823765655233,2.4014023259738804,Filtered out
dataset_1,DATASE_1_BASELINE_2026-03-03_15-00-39,GO:0031589,cell-substrate adhesion,GO,FALSE,FALSE,0.005,0.00396823765655233,2.4014023259738804,Filtered out
dataset_1,DATASE_1_BASELINE_2026-03-03_15-00-39,GO:0006024,glycosaminoglycan biosynthetic process,GO,FALSE,FALSE,0.005,0.02820206589256718,1.5497190770395142,Filtered out
dataset_1,DATASE_1_BASELINE_2026-03-03_15-00-39,GO:0061448,connective tissue development,GO,FALSE,FALSE,0,0.00124339196687665,2.9053919427845054,Filtered out
dataset_1,DATASE_1_BASELINE_2026-03-03_15-00-39,GO:0061138,morphogenesis of a branching epithelium,GO,FALSE,FALSE,0,0.00219841462096274,2.657890396255222,Filtered out
dataset_1,DATASE_1_BASELINE_2026-03-03_15-00-39,GO:0098773,skin epidermis development,GO,FALSE,FALSE,0,0.00223044621156374,2.6516082455462047,Filtered out
dataset_1,DATASE_1_BASELINE_2026-03-03_15-00-39,GO:0099565,"chemical synaptic transmission, postsynaptic",GO,FALSE,FALSE,0,0.00396823765655233,2.4014023259738804,Filtered out
dataset_1,DATASE_1_BASELINE_2026-03-03_15-00-39,GO:0060078,regulation of postsynaptic membrane potential,GO,FALSE,FALSE,0,0.00657734498265058,2.1819493787379334,Filtered out
dataset_1,DATASE_1_BASELINE_2026-03-03_15-00-39,GO:0018958,phenol-containing compound metabolic process,GO,FALSE,FALSE,0,0.00957032709893778,2.019073218457635,Filtered out
dataset_1,DATASE_1_BASELINE_2026-03-03_15-00-39,GO:0098742,cell-cell adhesion via plasma-membrane adhesion molecules,GO,FALSE,FALSE,0,0.011303951217709,1.9467697253567298,Filtered out
dataset_1,DATASE_1_BASELINE_2026-03-03_15-00-39,GO:0016101,diterpenoid metabolic process,GO,FALSE,FALSE,0,0.01247607801128744,1.903921918319692,Filtered out
dataset_1,DATASE_1_BASELINE_2026-03-03_15-00-39,GO:0003014,renal system process,GO,FALSE,FALSE,0,0.01247607801128744,1.903921918319692,Filtered out
dataset_1,DATASE_1_BASELINE_2026-03-03_15-00-39,GO:0001909,leukocyte mediated cytotoxicity,GO,FALSE,FALSE,0,0.01486379838201261,1.8278701942393754,Filtered out
dataset_1,DATASE_1_BASELINE_2026-03-03_15-00-39,GO:0060688,regulation of morphogenesis of a branching structure,GO,FALSE,FALSE,0,0.02249605721057849,1.647893592188055,Filtered out
dataset_1,DATASE_1_BASELINE_2026-03-03_15-00-39,GO:0009308,amine metabolic process,GO,FALSE,FALSE,0,0.03457677057286613,1.4612155717295001,Filtered out
dataset_1,DATASE_1_BASELINE_2026-03-03_15-00-39,GO:0002274,myeloid leukocyte activation,GO,FALSE,FALSE,0,0.03681851645586462,1.433933714691643,Filtered out
dataset_1,DATASE_1_BASELINE_2026-03-03_15-00-39,GO:0097485,neuron projection guidance,GO,FALSE,FALSE,0,0.03772868059500786,1.423328382191708,Filtered out
dataset_1,DATASE_1_BASELINE_2026-03-03_15-00-39,GO:0043491,phosphatidylinositol 3-kinase/protein kinase B signal transduction,GO,FALSE,FALSE,0,0.03857271887371634,1.4137197479569863,Filtered out
dataset_1,DATASE_1_BASELINE_2026-03-03_15-00-39,GO:0030204,chondroitin sulfate metabolic process,GO,FALSE,FALSE,0,0.04141689048035731,1.3828225104139744,Filtered out
dataset_1,DATASE_1_BASELINE_2026-03-03_15-00-39,GO:0030278,regulation of ossification,GO,FALSE,FALSE,0,0.04358226146706926,1.3606902381286057,Filtered out
dataset_1,DATASE_1_BASELINE_2026-03-03_15-00-39,GO:0035924,cellular response to vascular endothelial growth factor stimulus,GO,FALSE,FALSE,0,0.04762111735114358,1.3222004188063374,Filtered out
